{
	"menu_title":"Menu",
"menu_home":"Home",
"menu_about":"About us",
"menu_news":"News",
"menu_gallery":"News",
"menu_video":"Video",
"menu_contact":"Contact us",
"menu_donation":"Make a donation",
"director":"Director",
"director_name":"DOCTOR  ELEYAN MAZEN",
"latest_news":"Latest news",
// "donate_img":"<img src="img/donate_en.jpg">",
// "logo_img":"<img src="img/name.png">",
"home_text":"'On the day you need to look how at little life' - claimed a famous writer. 
The idea of ​​creating the Foundation 'Assalam' originated with the desire to make the days of our society look like a little life, but life with a capital letter. Charitable Foundation 'Assalam' - is a non-profit charitable organization that was established in Odessa in August 2011. The Foundation's mission - to do good and to encourage others to do so is not indifferent people, to develop highly moral society that is founded on the principles of spirituality and morality, through the promotion of charity and social partnership. People who come to us came from different corners of our vast planet, but joined their city has become home - Odessa. We sincerely rejoice in helping the children, because we have the opportunity to make the world a little kinder. If you are doing business that saves someone's life or destiny, or simply making people's lives better, we are ready to assist you. We believe that good deeds and actions needed all and at all times!",
"about_text":"The main aim of the Foundation 'Assalam' is the realization of charitable activities in the public interest and certain categories of persons, giving them the necessary moral, material, financial, legal and other assistance. To achieve these goals the Foundation has the following objectives: 1) to promote the development of mass physical culture, sport and tourism, promotion of healthy lifestyle; 2) facilitating the establishment of camps recreation and health of the poor, children and youth; 3) organizing and conducting fundraisers, proceeds from which will be directed to maintenance of orphanages and other institutions for orphans and children deprived of parental care; 4) provide assistance to talented creative young people, scholarships, financial aid; 5) participation in the provision of medical care and social care implementation for sick, disabled, lonely, elderly people and others who because of their own, financial or other features in need of social support and care; 6) to contribute to the protection of motherhood and childhood; 7) participation in the organization of parties, the creation of various circles, which could contribute to the development of the capacities of children and youth; 8) to promote the development of science and education, implementation of scientific and educational programs; 9) participation in conferences, seminars, meetings, competitions for the exchange of experience and other issues that are of interest to the Fund; 10) the accumulation of financial assets and property of their subsequent use in charitable activities."

}